<?xml version="1.0"?>
<Definition xmlns:xsd="http://www.w3.org/2001/XMLSchema" xmlns:xsi="http://www.w3.org/2001/XMLSchema-instance">
  <Table Name="AnimationData" Build="5875">
    <Field Name="m_ID" Type="int" IsIndex="true" />
    <Field Name="m_Name" Type="string" />
    <Field Name="m_WeaponFlags" Type="int" />
    <Field Name="m_BodyFlags" Type="int" />
    <Field Name="m_Flags" Type="int" />
    <Field Name="m_Fallback" Type="int" />
    <Field Name="m_BehaviourID" Type="int" />
  </Table>
  <Table Name="AreaPOI" Build="5875">
    <Field Name="m_ID" Type="int" IsIndex="true" />
    <Field Name="m_importance" Type="int" />
    <Field Name="m_icon" Type="int" />
    <Field Name="m_factionID" Type="int" />
    <Field Name="m_x" Type="float" />
    <Field Name="m_y" Type="float" />
    <Field Name="m_z" Type="float" />
    <Field Name="m_continentID" Type="int" />
    <Field Name="m_flags" Type="int" />
    <Field Name="m_areaID" Type="int" />
    <Field Name="m_name" Type="loc" />
    <Field Name="m_description" Type="loc" />
    <Field Name="m_worldStateID" Type="int" />
  </Table>
  <Table Name="AreaTable" Build="5875">
    <Field Name="m_ID" Type="int" IsIndex="true" />
    <Field Name="m_ContinentID" Type="int" />
    <Field Name="m_ParentAreaID" Type="int" />
    <Field Name="m_AreaBit" Type="int" />
    <Field Name="m_flags" Type="int" />
    <Field Name="m_SoundProviderPref" Type="int" />
    <Field Name="m_SoundProviderPrefUnderWater" Type="int" />
    <Field Name="m_AmbienceID" Type="int" />
    <Field Name="m_ZoneMusic" Type="int" />
    <Field Name="m_IntroSound" Type="int" />
    <Field Name="m_ExplorationLevel" Type="int" />
    <Field Name="m_AreaName" Type="loc" />
    <Field Name="m_factionGroupMask" Type="int" />
    <Field Name="m_liquidTypeID" Type="int" />
    <Field Name="m_minElevation" Type="int" />
    <Field Name="m_ambientMultiplier" Type="float" />
    <Field Name="m_lightID" Type="int" />
  </Table>
  <Table Name="AreaTrigger" Build="5875">
    <Field Name="m_ID" Type="int" IsIndex="true" />
    <Field Name="m_ContinentID" Type="int" />
    <Field Name="m_x" Type="float" />
    <Field Name="m_y" Type="float" />
    <Field Name="m_z" Type="float" />
    <Field Name="m_radius" Type="float" />
    <Field Name="m_boxLength" Type="int" />
    <Field Name="m_boxWidth" Type="int" />
    <Field Name="m_boxHeight" Type="int" />
    <Field Name="m_boxYaw" Type="int" />
  </Table>
  <Table Name="AttackAnimKits" Build="5875">
    <Field Name="m_ID" Type="int" IsIndex="true" />
    <Field Name="m_AnimationID" Type="int" />
    <Field Name="m_attackTypeID" Type="int" />
    <Field Name="m_flags" Type="int" />
    <Field Name="m_field5" Type="int" />
  </Table>
  <Table Name="AttackAnimTypes" Build="5875">
    <Field Name="m_ID" Type="int" IsIndex="true" />
    <Field Name="m_name" Type="string" />
  </Table>
  <Table Name="AuctionHouse" Build="5875">
    <Field Name="m_ID" Type="int" IsIndex="true" />
    <Field Name="m_factionID" Type="int" />
    <Field Name="m_depositRate" Type="int" />
    <Field Name="m_consignmentRate" Type="int" />
    <Field Name="m_name" Type="loc" />
  </Table>
  <Table Name="BankBagSlotPrices" Build="5875">
    <Field Name="m_ID" Type="int" IsIndex="true" />
    <Field Name="m_cost" Type="int" />
  </Table>
  <Table Name="CameraShakes" Build="5875">
    <Field Name="m_ID" Type="int" IsIndex="true" />
    <Field Name="m_shakeType" Type="int" />
    <Field Name="m_direction" Type="int" />
    <Field Name="m_amplitude" Type="float" />
    <Field Name="m_frequency" Type="float" />
    <Field Name="m_duration" Type="float" />
    <Field Name="m_phase" Type="float" />
    <Field Name="m_coefficient" Type="float" />
  </Table>
  <Table Name="Cfg_Categories" Build="5875">
    <Field Name="m_tab" Type="int" IsIndex="true" />
    <Field Name="m_group" Type="int" />
    <Field Name="m_name" Type="loc" />
  </Table>
  <Table Name="Cfg_Configs" Build="5875">
    <Field Name="m_ID" Type="int" IsIndex="true" />
    <Field Name="m_realmType" Type="int" />
    <Field Name="m_playerKillingAllowed" Type="int" />
    <Field Name="m_roleplaying" Type="int" />
  </Table>
  <Table Name="CharacterFacialHairStyles" Build="5875">
    <Field Name="m_raceID" Type="int" IsIndex="true" />
    <Field Name="m_sexID" Type="int" />
    <Field Name="m_VariationID" Type="int" />
    <Field Name="m_Geoset" Type="int" ArraySize="6" />
  </Table>
  <Table Name="CharBaseInfo" Build="5875">
    <Field Name="m_generatedID" Type="int" IsIndex="true" AutoGenerate="true" />
    <Field Name="m_raceID" Type="byte" />
    <Field Name="m_classID" Type="byte" />
  </Table>
  <Table Name="CharHairGeosets" Build="5875">
    <Field Name="m_ID" Type="int" IsIndex="true" />
    <Field Name="m_RaceID" Type="int" />
    <Field Name="m_SexID" Type="int" />
    <Field Name="m_VariationID" Type="int" />
    <Field Name="m_GeosetID" Type="int" />
    <Field Name="m_Showscalp" Type="int" />
  </Table>
  <Table Name="CharHairTextures" Build="5875">
    <Field Name="m_ID" Type="int" IsIndex="true" />
    <Field Name="m_RaceID" Type="int" />
    <Field Name="m_SexID" Type="int" />
    <Field Name="m_field4" Type="int" />
    <Field Name="m_field5" Type="int" />
    <Field Name="m_field6" Type="int" />
    <Field Name="m_field7" Type="int" />
    <Field Name="m_field8" Type="int" />
  </Table>
  <Table Name="CharSections" Build="5875">
    <Field Name="m_ID" Type="int" IsIndex="true" />
    <Field Name="m_raceID" Type="int" />
    <Field Name="m_sexID" Type="int" />
    <Field Name="m_sectionType" Type="int" />
    <Field Name="m_variationIndex" Type="int" />
    <Field Name="m_colorIndex" Type="int" />
    <Field Name="m_TextureName1" Type="string" />
    <Field Name="m_TextureName2" Type="string" />
    <Field Name="m_TextureName3" Type="string" />
    <Field Name="m_flags" Type="int" />
  </Table>
  <Table Name="CharStartOutfit" Build="5875">
    <Field Name="m_ID" Type="int" IsIndex="true" />
    <Field Name="m_raceID" Type="byte" />
    <Field Name="m_classID" Type="byte" />
    <Field Name="m_sexID" Type="byte" />
    <Field Name="m_outfitID" Type="byte" />
    <Field Name="m_ItemID" Type="int" ArraySize="12" />
    <Field Name="m_DisplayItemID" Type="int" ArraySize="12" />
    <Field Name="m_InventoryType" Type="int" ArraySize="12" />
  </Table>
  <Table Name="CharVariations" Build="5875">
    <Field Name="m_raceID" Type="int" IsIndex="true" />
    <Field Name="m_sexID" Type="int" />
    <Field Name="m_unk1" Type="int" />
    <Field Name="m_mask1" Type="int" />
    <Field Name="m_mask2" Type="int" />
    <Field Name="m_unk4" Type="int" />
  </Table>
  <Table Name="ChatChannels" Build="5875">
    <Field Name="m_ID" Type="int" IsIndex="true" />
    <Field Name="m_flags" Type="int" />
    <Field Name="m_factionGroup" Type="int" />
    <Field Name="m_name" Type="loc" />
    <Field Name="m_shortcut" Type="loc" />
  </Table>
  <Table Name="ChatProfanity" Build="5875">
    <Field Name="m_ID" Type="int" IsIndex="true" />
    <Field Name="m_text" Type="string" />
  </Table>
  <Table Name="ChrClasses" Build="5875">
    <Field Name="m_ID" Type="int" IsIndex="true" />
    <Field Name="m_field2" Type="int" />
    <Field Name="m_field3" Type="int" />
    <Field Name="m_powerType" Type="int" />
    <Field Name="m_petNameToken" Type="string" />
    <Field Name="m_name" Type="loc" />
    <Field Name="m_fileName" Type="string" />
    <Field Name="m_field16" Type="int" />
    <Field Name="m_field17" Type="int" />
  </Table>
  <Table Name="ChrRaces" Build="5875">
    <Field Name="m_ID" Type="int" IsIndex="true" />
    <Field Name="m_flags" Type="int" />
    <Field Name="m_factionID" Type="int" />
    <Field Name="m_ExplorationSoundID" Type="int" />
    <Field Name="m_MaleDisplayID" Type="int" />
    <Field Name="m_FemaleDisplayID" Type="int" />
    <Field Name="m_ClientPrefix" Type="string" />
    <Field Name="m_speed" Type="float" />
    <Field Name="m_BaseLanguage" Type="int" />
    <Field Name="m_creatureType" Type="int" />
    <Field Name="m_loginEffect" Type="int" />
    <Field Name="m_unalteredVisualRaceID" Type="int" />
    <Field Name="m_ResSicknessSpellID" Type="int" />
    <Field Name="m_SplashSoundID" Type="int" />
    <Field Name="m_field15" Type="uint" />
    <Field Name="m_clientFileString" Type="string" />
    <Field Name="m_cinematicSequenceID" Type="int" />
    <Field Name="m_name" Type="loc" />
    <Field Name="m_facialHairCustomization1" Type="string" />
    <Field Name="m_facialHairCustomization2" Type="string" />
    <Field Name="m_hairCustomization" Type="string" />
  </Table>
  <Table Name="CinematicCamera" Build="5875">
    <Field Name="m_ID" Type="int" IsIndex="true" />
    <Field Name="m_model" Type="string" />
    <Field Name="m_soundID" Type="int" />
    <Field Name="m_originX" Type="float" />
    <Field Name="m_originY" Type="float" />
    <Field Name="m_originZ" Type="float" />
    <Field Name="m_originFacing" Type="float" />
  </Table>
  <Table Name="CinematicSequences" Build="5875">
    <Field Name="m_ID" Type="int" IsIndex="true" />
    <Field Name="m_soundID" Type="int" />
    <Field Name="m_camera" Type="int" ArraySize="8" />
  </Table>
  <Table Name="CreatureDisplayInfo" Build="5875">
    <Field Name="m_ID" Type="int" IsIndex="true" />
    <Field Name="m_modelID" Type="int" />
    <Field Name="m_soundID" Type="int" />
    <Field Name="m_extendedDisplayInfoID" Type="int" />
    <Field Name="m_creatureModelScale" Type="float" />
    <Field Name="m_creatureModelAlpha" Type="int" />
    <Field Name="m_textureVariation1" Type="string" />
    <Field Name="m_textureVariation2" Type="string" />
    <Field Name="m_textureVariation3" Type="string" />
    <Field Name="m_sizeClass" Type="int" />
    <Field Name="m_bloodID" Type="int" />
    <Field Name="m_NPCSoundID" Type="int" />
  </Table>
  <Table Name="CreatureDisplayInfoExtra" Build="5875">
    <Field Name="m_ID" Type="int" IsIndex="true" />
    <Field Name="m_DisplayRaceID" Type="int" />
    <Field Name="m_DisplaySexID" Type="int" />
    <Field Name="m_SkinID" Type="int" />
    <Field Name="m_FaceID" Type="int" />
    <Field Name="m_HairStyleID" Type="int" />
    <Field Name="m_HairColorID" Type="int" />
    <Field Name="m_FacialHairID" Type="int" />
    <Field Name="m_NPCItemDisplayID" Type="int" ArraySize="9" />
    <Field Name="m_flags" Type="int" />
    <Field Name="m_BakeName" Type="string" />
  </Table>
  <Table Name="CreatureFamily" Build="5875">
    <Field Name="m_ID" Type="int" IsIndex="true" />
    <Field Name="m_minScale" Type="float" />
    <Field Name="m_minScaleLevel" Type="int" />
    <Field Name="m_maxScale" Type="float" />
    <Field Name="m_maxScaleLevel" Type="int" />
    <Field Name="m_petFoodMask" Type="int" />
    <Field Name="m_petTalentType" Type="int" />
    <Field Name="m_categoryEnumID" Type="int" />
    <Field Name="m_name" Type="loc" />
    <Field Name="m_iconFile" Type="string" />
  </Table>
  <Table Name="CreatureModelData" Build="5875">
    <Field Name="m_ID" Type="int" IsIndex="true" />
    <Field Name="m_flags" Type="int" />
    <Field Name="m_ModelName" Type="string" />
    <Field Name="m_sizeClass" Type="int" />
    <Field Name="m_modelScale" Type="float" />
    <Field Name="m_bloodID" Type="int" />
    <Field Name="m_footprintTextureID" Type="int" />
    <Field Name="m_footprintTextureLength" Type="float" />
    <Field Name="m_footprintTextureWidth" Type="float" />
    <Field Name="m_footprintTextureScale" Type="float" />
    <Field Name="m_foleyMaterialID" Type="int" />
    <Field Name="m_footstepShakeSize" Type="int" />
    <Field Name="m_deathThudShakeSize" Type="int" />
    <Field Name="m_collisionWidth" Type="float" />
    <Field Name="m_collisionHeight" Type="float" />
    <Field Name="m_mountHeight" Type="float" />
  </Table>
  <Table Name="CreatureSoundData" Build="5875">
    <Field Name="m_ID" Type="int" IsIndex="true" />
    <Field Name="m_soundExertionID" Type="int" />
    <Field Name="m_soundExertionCriticalID" Type="int" />
    <Field Name="m_soundInjuryID" Type="int" />
    <Field Name="m_soundInjuryCriticalID" Type="int" />
    <Field Name="m_soundInjuryCrushingBlowID" Type="int" />
    <Field Name="m_soundDeathID" Type="int" />
    <Field Name="m_soundStunID" Type="int" />
    <Field Name="m_soundStandID" Type="int" />
    <Field Name="m_soundFootstepID" Type="int" />
    <Field Name="m_soundAggroID" Type="int" />
    <Field Name="m_soundWingFlapID" Type="int" />
    <Field Name="m_soundWingGlideID" Type="int" />
    <Field Name="m_soundAlertID" Type="int" />
    <Field Name="m_soundFiget" Type="int" />
    <Field Name="m_customAttack" Type="int" />
    <Field Name="m_NPCSoundID" Type="int" />
    <Field Name="m_loopSoundID" Type="int" />
    <Field Name="m_creatureImpactType" Type="int" />
    <Field Name="m_soundJumpStartID" Type="int" />
    <Field Name="m_soundJumpEndID" Type="int" />
    <Field Name="m_soundPetAttackID" Type="int" />
    <Field Name="m_soundPetOrderID" Type="int" />
    <Field Name="m_soundPetDismissID" Type="int" />
    <Field Name="m_fidgetDelaySecondsMin" Type="int" />
    <Field Name="m_fidgetDelaySecondsMax" Type="int" />
    <Field Name="m_birthSoundID" Type="int" />
    <Field Name="m_spellCastDirectedSoundID" Type="int" />
    <Field Name="m_submergeSoundID" Type="int" />
    <Field Name="m_submergedSoundID" Type="int" />
  </Table>
  <Table Name="CreatureSpellData" Build="5875">
    <Field Name="m_ID" Type="int" IsIndex="true" />
    <Field Name="m_spells" Type="int" ArraySize="4" />
    <Field Name="m_availability" Type="int" ArraySize="4" />
  </Table>
  <Table Name="CreatureType" Build="5875">
    <Field Name="m_ID" Type="int" IsIndex="true" />
    <Field Name="m_name" Type="loc" />
    <Field Name="m_flags" Type="int" />
  </Table>
  <Table Name="DeathThudLookups" Build="5875">
    <Field Name="m_ID" Type="int" IsIndex="true" />
    <Field Name="m_SizeClass" Type="int" />
    <Field Name="m_TerrainTypeSoundID" Type="int" />
    <Field Name="m_SoundEntryID" Type="int" />
    <Field Name="m_SoundEntryIDWater" Type="int" />
  </Table>
  <Table Name="DurabilityCosts" Build="5875">
    <Field Name="m_ID" Type="int" IsIndex="true" />
    <Field Name="m_weaponSubClassCost" Type="int" ArraySize="21" />
    <Field Name="m_armorSubClassCost" Type="int" ArraySize="8" />
  </Table>
  <Table Name="DurabilityQuality" Build="5875">
    <Field Name="m_ID" Type="int" IsIndex="true" />
    <Field Name="m_data" Type="float" />
  </Table>
  <Table Name="Emotes" Build="5875">
    <Field Name="m_ID" Type="int" IsIndex="true" />
    <Field Name="m_EmoteSlashCommand" Type="string" />
    <Field Name="m_AnimID" Type="int" />
    <Field Name="m_EmoteFlags" Type="int" />
    <Field Name="m_EmoteSpecProc" Type="int" />
    <Field Name="m_EmoteSpecProcParam" Type="int" />
    <Field Name="m_EventSoundID" Type="int" />
  </Table>
  <Table Name="EmotesText" Build="5875">
    <Field Name="m_ID" Type="int" IsIndex="true" />
    <Field Name="m_name" Type="string" />
    <Field Name="m_emoteID" Type="int" />
    <Field Name="m_emoteText" Type="int" ArraySize="16" />
  </Table>
  <Table Name="EmotesTextData" Build="5875">
    <Field Name="m_ID" Type="int" IsIndex="true" />
    <Field Name="m_text" Type="loc" />
  </Table>
  <Table Name="EmotesTextSound" Build="5875">
    <Field Name="m_ID" Type="int" IsIndex="true" />
    <Field Name="m_emotesTextID" Type="int" />
    <Field Name="m_raceID" Type="int" />
    <Field Name="m_sexID" Type="int" />
    <Field Name="m_soundID" Type="int" />
  </Table>
  <Table Name="EnvironmentalDamage" Build="5875">
    <Field Name="m_ID" Type="int" IsIndex="true" />
    <Field Name="m_EnumID" Type="int" />
    <Field Name="m_VisualkitID" Type="int" />
  </Table>
  <Table Name="Exhaustion" Build="5875">
    <Field Name="m_ID" Type="int" IsIndex="true" />
    <Field Name="m_xp" Type="int" />
    <Field Name="m_factor" Type="float" />
    <Field Name="m_outdoorHours" Type="float" />
    <Field Name="m_innHours" Type="float" />
    <Field Name="m_name" Type="loc" />
    <Field Name="m_threshold" Type="int" />
  </Table>
  <Table Name="Faction" Build="5875">
    <Field Name="m_ID" Type="int" IsIndex="true" />
    <Field Name="m_reputationIndex" Type="int" />
    <Field Name="m_reputationRaceMask" Type="int" ArraySize="4" />
    <Field Name="m_reputationClassMask" Type="int" ArraySize="4" />
    <Field Name="m_reputationBase" Type="int" ArraySize="4" />
    <Field Name="m_reputtationFlags" Type="int" ArraySize="4" />
    <Field Name="m_parentFactionID" Type="int" />
    <Field Name="m_name" Type="loc" />
    <Field Name="m_description" Type="loc" />
  </Table>
  <Table Name="FactionGroup" Build="5875">
    <Field Name="m_ID" Type="int" IsIndex="true" />
    <Field Name="m_maskID" Type="int" />
    <Field Name="m_internalName" Type="string" />
    <Field Name="m_name" Type="loc" />
  </Table>
  <Table Name="FactionTemplate" Build="5875">
    <Field Name="m_ID" Type="int" IsIndex="true" />
    <Field Name="m_faction" Type="int" />
    <Field Name="m_flags" Type="int" />
    <Field Name="m_factionGroup" Type="int" />
    <Field Name="m_friendGroup" Type="int" />
    <Field Name="m_enemyGroup" Type="int" />
    <Field Name="m_enemies" Type="int" ArraySize="4" />
    <Field Name="m_friend" Type="int" ArraySize="4" />
  </Table>
  <Table Name="FootprintTextures" Build="5875">
    <Field Name="m_ID" Type="int" IsIndex="true" />
    <Field Name="m_FootstepFilename" Type="string" />
  </Table>
  <Table Name="FootstepTerrainLookup" Build="5875">
    <Field Name="m_ID" Type="int" IsIndex="true" />
    <Field Name="m_CreatureFootstepID" Type="int" />
    <Field Name="m_TerrainSoundID" Type="int" />
    <Field Name="m_SoundID" Type="int" />
    <Field Name="m_SoundIDSplash" Type="int" />
  </Table>
  <Table Name="GameObjectArtKit" Build="5875">
    <Field Name="m_ID" Type="int" IsIndex="true" />
    <Field Name="m_textureVariation1" Type="string" />
    <Field Name="m_textureVariation2" Type="string" />
    <Field Name="m_textureVariation3" Type="string" />
    <Field Name="m_attachModel1" Type="string" />
    <Field Name="m_attachModel2" Type="string" />
    <Field Name="m_attachModel3" Type="string" />
    <Field Name="m_attachModel4" Type="string" />
  </Table>
  <Table Name="GameObjectDisplayInfo" Build="5875">
    <Field Name="m_ID" Type="int" IsIndex="true" />
    <Field Name="m_modelName" Type="string" />
    <Field Name="m_Sound" Type="int" ArraySize="10" />
  </Table>
  <Table Name="GameTips" Build="5875">
    <Field Name="m_ID" Type="int" IsIndex="true" />
    <Field Name="m_text" Type="loc" />
  </Table>
  <Table Name="GMSurveyCurrentSurvey" Build="5875">
    <Field Name="m_LANGID" Type="int" IsIndex="true" />
    <Field Name="m_GMSURVEYID" Type="int" />
  </Table>
  <Table Name="GMSurveyQuestions" Build="5875">
    <Field Name="m_ID" Type="int" IsIndex="true" />
    <Field Name="m_Question" Type="loc" />
  </Table>
  <Table Name="GMSurveySurveys" Build="5875">
    <Field Name="m_ID" Type="int" IsIndex="true" />
    <Field Name="m_Q" Type="int" ArraySize="10" />
  </Table>
  <Table Name="GMTicketCategory" Build="5875">
    <Field Name="m_ID" Type="int" IsIndex="true" />
    <Field Name="m_category" Type="loc" />
  </Table>
  <Table Name="GroundEffectDoodad" Build="5875">
    <Field Name="m_ID" Type="int" IsIndex="true" />
    <Field Name="m_flags" Type="int" />
    <Field Name="m_doodadPath" Type="string" />
  </Table>
  <Table Name="GroundEffectTexture" Build="5875">
    <Field Name="m_ID" Type="int" IsIndex="true" />
    <Field Name="m_doodadID" Type="int" ArraySize="4" />
    <Field Name="m_density" Type="int" />
    <Field Name="m_sound" Type="int" />
  </Table>
  <Table Name="HelmetGeosetVisData" Build="5875">
    <Field Name="m_ID" Type="int" IsIndex="true" />
    <Field Name="m_hideGeoset" Type="int" ArraySize="5" />
  </Table>
  <Table Name="ItemBagFamily" Build="5875">
    <Field Name="m_ID" Type="int" IsIndex="true" />
    <Field Name="m_name" Type="loc" />
  </Table>
  <Table Name="ItemClass" Build="5875">
    <Field Name="m_classID" Type="int" IsIndex="true" />
    <Field Name="m_subclassMapID" Type="int" />
    <Field Name="m_flags" Type="int" />
    <Field Name="m_classname" Type="loc" />
  </Table>
  <Table Name="ItemDisplayInfo" Build="5875">
    <Field Name="m_ID" Type="int" IsIndex="true" />
    <Field Name="m_modelName1" Type="string" />
    <Field Name="m_modelName2" Type="string" />
    <Field Name="m_modelTexture1" Type="string" />
    <Field Name="m_modelTexture2" Type="string" />
    <Field Name="m_inventoryIcon1" Type="string" />
    <Field Name="m_geosetGroup" Type="int" ArraySize="3" />
    <Field Name="m_flags" Type="int" />
    <Field Name="m_spellVisualID" Type="int" />
    <Field Name="m_groupSoundIndex" Type="int" />
    <Field Name="m_helmetGeosetVis" Type="int" ArraySize="2" />
    <Field Name="m_texture1" Type="string" />
    <Field Name="m_texture2" Type="string" />
    <Field Name="m_texture3" Type="string" />
    <Field Name="m_texture4" Type="string" />
    <Field Name="m_texture5" Type="string" />
    <Field Name="m_texture6" Type="string" />
    <Field Name="m_texture7" Type="string" />
    <Field Name="m_texture8" Type="string" />
    <Field Name="m_itemVisual" Type="int" />
  </Table>
  <Table Name="ItemGroupSounds" Build="5875">
    <Field Name="m_ID" Type="int" IsIndex="true" />
    <Field Name="m_soundID" Type="int" ArraySize="4" />
  </Table>
  <Table Name="ItemPetFood" Build="5875">
    <Field Name="m_ID" Type="int" IsIndex="true" />
    <Field Name="m_name" Type="loc" />
  </Table>
  <Table Name="ItemRandomProperties" Build="5875">
    <Field Name="m_ID" Type="int" IsIndex="true" />
    <Field Name="m_name" Type="string" />
    <Field Name="m_Enchantment" Type="int" ArraySize="5" />
    <Field Name="m_suffix" Type="loc" />
  </Table>
  <Table Name="ItemSet" Build="5875">
    <Field Name="m_ID" Type="int" IsIndex="true" />
    <Field Name="m_name" Type="loc" />
    <Field Name="m_itemID" Type="int" ArraySize="10" />
    <Field Name="m_bankItemID" Type="int" ArraySize="7" />
    <Field Name="m_setSpellID" Type="int" ArraySize="8" />
    <Field Name="m_setThreshold" Type="int" ArraySize="8" />
    <Field Name="m_requiredSkill" Type="int" />
    <Field Name="m_requiredSkillRank" Type="int" />
  </Table>
  <Table Name="ItemSubClass" Build="5875">
    <Field Name="m_classID" Type="int" IsIndex="true" />
    <Field Name="m_subClassID" Type="int" />
    <Field Name="m_prerequisiteProficiency" Type="int" />
    <Field Name="m_postrequisiteProficiency" Type="int" />
    <Field Name="m_flags" Type="int" />
    <Field Name="m_displayFlags" Type="int" />
    <Field Name="m_weaponParrySeq" Type="int" />
    <Field Name="m_weaponReadySeq" Type="int" />
    <Field Name="m_weaponAttackSeq" Type="int" />
    <Field Name="m_weaponSwingSize" Type="int" />
    <Field Name="m_displayName" Type="loc" />
    <Field Name="m_verboseName" Type="loc" />
  </Table>
  <Table Name="ItemSubClassMask" Build="5875">
    <Field Name="m_classID" Type="int" IsIndex="true" />
    <Field Name="m_mask" Type="int" />
    <Field Name="m_name" Type="loc" />
  </Table>
  <Table Name="ItemVisualEffects" Build="5875">
    <Field Name="m_ID" Type="int" IsIndex="true" />
    <Field Name="m_Model" Type="string" />
  </Table>
  <Table Name="ItemVisuals" Build="5875">
    <Field Name="m_ID" Type="int" IsIndex="true" />
    <Field Name="m_Slot" Type="int" ArraySize="5" />
  </Table>
  <Table Name="Languages" Build="5875">
    <Field Name="m_ID" Type="int" IsIndex="true" />
    <Field Name="m_name" Type="loc" />
  </Table>
  <Table Name="LanguageWords" Build="5875">
    <Field Name="m_ID" Type="int" IsIndex="true" />
    <Field Name="m_languageID" Type="int" />
    <Field Name="m_word" Type="string" />
  </Table>
  <Table Name="LFGDungeons" Build="5875">
    <Field Name="m_ID" Type="int" IsIndex="true" />
    <Field Name="m_name" Type="loc" />
    <Field Name="m_hardLevelMin" Type="int" />
    <Field Name="m_hardLevelMax" Type="int" />
    <Field Name="m_instanceType" Type="int" />
    <Field Name="m_faction" Type="int" />
  </Table>
  <Table Name="Light" Build="5875">
    <Field Name="m_ID" Type="int" IsIndex="true" />
    <Field Name="m_continentID" Type="int" />
    <Field Name="m_x" Type="float" />
    <Field Name="m_y" Type="float" />
    <Field Name="m_z" Type="float" />
    <Field Name="m_falloffStart" Type="float" />
    <Field Name="m_falloffEnd" Type="float" />
    <Field Name="m_lightParamsID" Type="int" ArraySize="5" />
  </Table>
  <Table Name="LightFloatBand" Build="5875">
    <Field Name="m_ID" Type="int" IsIndex="true" />
    <Field Name="m_num" Type="int" />
    <Field Name="m_time" Type="int" ArraySize="16" />
    <Field Name="m_data" Type="float" ArraySize="16" />
  </Table>
  <Table Name="LightIntBand" Build="5875">
    <Field Name="m_ID" Type="int" IsIndex="true" />
    <Field Name="m_num" Type="int" />
    <Field Name="m_time" Type="int" ArraySize="16" />
    <Field Name="m_data" Type="int" ArraySize="16" />
  </Table>
  <Table Name="LightParams" Build="5875">
    <Field Name="m_ID" Type="int" IsIndex="true" />
    <Field Name="m_highlightSky" Type="int" />
    <Field Name="m_lightSkyboxID" Type="int" />
    <Field Name="m_glow" Type="float" />
    <Field Name="m_waterShallowAlpha" Type="float" />
    <Field Name="m_waterDeepAlpha" Type="float" />
    <Field Name="m_oceanShallowAlpha" Type="float" />
    <Field Name="m_oceanDeepAlpha" Type="float" />
    <Field Name="m_flags" Type="int" />
  </Table>
  <Table Name="LightSkybox" Build="5875">
    <Field Name="m_ID" Type="int" IsIndex="true" />
    <Field Name="m_name" Type="string" />
  </Table>
  <Table Name="LiquidType" Build="5875">
    <Field Name="m_ID" Type="int" IsIndex="true" />
    <Field Name="m_name" Type="string" />
    <Field Name="m_type" Type="int" />
    <Field Name="m_spellID" Type="int" />
  </Table>
  <Table Name="LoadingScreens" Build="5875">
    <Field Name="m_ID" Type="int" IsIndex="true" />
    <Field Name="m_name" Type="string" />
    <Field Name="m_fileName" Type="string" />
  </Table>
  <Table Name="LoadingScreenTaxiSplines" Build="5875">
    <Field Name="m_ID" Type="int" IsIndex="true" />
    <Field Name="m_PathID" Type="int" />
    <Field Name="m_Locx" Type="float" ArraySize="8" />
    <Field Name="m_Locy" Type="float" ArraySize="8" />
    <Field Name="m_LegIndex" Type="int" />
  </Table>
  <Table Name="Lock" Build="5875">
    <Field Name="m_ID" Type="int" IsIndex="true" />
    <Field Name="m_Type" Type="int" ArraySize="8" />
    <Field Name="m_Index" Type="int" ArraySize="8" />
    <Field Name="m_Skill" Type="int" ArraySize="8" />
    <Field Name="m_Action" Type="int" ArraySize="8" />
  </Table>
  <Table Name="LockType" Build="5875">
    <Field Name="m_ID" Type="int" IsIndex="true" />
    <Field Name="m_name" Type="loc" />
    <Field Name="m_resourceName" Type="loc" />
    <Field Name="m_verb" Type="loc" />
    <Field Name="m_cursorName" Type="string" />
  </Table>
  <Table Name="MailTemplate" Build="5875">
    <Field Name="m_ID" Type="int" IsIndex="true" />
    <Field Name="m_body" Type="loc" />
  </Table>
  <Table Name="Map" Build="5875">
    <Field Name="m_ID" Type="int" IsIndex="true" />
    <Field Name="m_Directory" Type="string" />
    <Field Name="m_InstanceType" Type="int" />
    <Field Name="m_PVP" Type="int" />
    <Field Name="m_MapName" Type="loc" />
    <Field Name="m_minLevel" Type="int" />
    <Field Name="m_maxLevel" Type="int" />
    <Field Name="m_maxPlayers" Type="int" />
    <Field Name="m_field17" Type="int" />
    <Field Name="m_field18" Type="int" />
    <Field Name="m_field19" Type="int" />
    <Field Name="m_areaTableID" Type="int" />
    <Field Name="m_MapDescription0" Type="loc" />
    <Field Name="m_MapDescription1" Type="loc" />
    <Field Name="m_LoadingScreenID" Type="int" />
    <Field Name="m_raidOffset" Type="int" />
    <Field Name="m_field41" Type="int" />
    <Field Name="m_field42" Type="int" />
  </Table>
  <Table Name="Material" Build="5875">
    <Field Name="m_ID" Type="int" IsIndex="true" />
    <Field Name="m_flags" Type="int" />
    <Field Name="m_foleySoundID" Type="int" />
  </Table>
  <Table Name="NameGen" Build="5875">
    <Field Name="m_ID" Type="int" IsIndex="true" />
    <Field Name="m_name" Type="string" />
    <Field Name="m_raceID" Type="int" />
    <Field Name="m_sex" Type="int" />
  </Table>
  <Table Name="NamesProfanity" Build="5875">
    <Field Name="m_ID" Type="int" IsIndex="true" />
    <Field Name="m_name" Type="string" />
  </Table>
  <Table Name="NamesReserved" Build="5875">
    <Field Name="m_ID" Type="int" IsIndex="true" />
    <Field Name="m_name" Type="string" />
  </Table>
  <Table Name="NPCSounds" Build="5875">
    <Field Name="m_ID" Type="int" IsIndex="true" />
    <Field Name="m_SoundID" Type="int" ArraySize="4" />
  </Table>
  <Table Name="Package" Build="5875">
    <Field Name="m_ID" Type="int" IsIndex="true" />
    <Field Name="m_icon" Type="string" />
    <Field Name="m_cost" Type="int" />
    <Field Name="m_name" Type="loc" />
  </Table>
  <Table Name="PageTextMaterial" Build="5875">
    <Field Name="m_ID" Type="int" IsIndex="true" />
    <Field Name="m_name" Type="string" />
  </Table>
  <Table Name="PaperDollItemFrame" Build="5875">
    <Field Name="m_itemButtonName" Type="int" IsIndex="true" />
    <Field Name="m_SlotIcon" Type="string" />
    <Field Name="m_SlotNumber" Type="int" />
  </Table>
  <Table Name="PetLoyalty" Build="5875">
    <Field Name="m_ID" Type="int" IsIndex="true" />
    <Field Name="m_name" Type="loc" />
  </Table>
  <Table Name="PetPersonality" Build="5875">
    <Field Name="m_ID" Type="int" IsIndex="true" />
    <Field Name="m_name" Type="loc" />
    <Field Name="m_happinessThreshold" Type="int" ArraySize="3" />
    <Field Name="m_happinessDamage" Type="float" ArraySize="3" />
    <Field Name="m_damageModifier" Type="float" ArraySize="3" />
  </Table>
  <Table Name="QuestInfo" Build="5875">
    <Field Name="m_ID" Type="int" IsIndex="true" />
    <Field Name="m_InfoName" Type="loc" />
  </Table>
  <Table Name="QuestSort" Build="5875">
    <Field Name="m_ID" Type="int" IsIndex="true" />
    <Field Name="m_SortName" Type="loc" />
  </Table>
  <Table Name="Resistances" Build="5875">
    <Field Name="m_ID" Type="int" IsIndex="true" />
    <Field Name="m_Flags" Type="int" />
    <Field Name="m_FizzleSoundID" Type="int" />
    <Field Name="m_name" Type="loc" />
  </Table>
  <Table Name="ServerMessages" Build="5875">
    <Field Name="m_ID" Type="int" IsIndex="true" />
    <Field Name="m_Text" Type="loc" />
  </Table>
  <Table Name="SheatheSoundLookups" Build="5875">
    <Field Name="m_ID" Type="int" IsIndex="true" />
    <Field Name="m_itemClass" Type="int" />
    <Field Name="m_itemSubclass" Type="int" />
    <Field Name="m_itemEnvTypes" Type="int" />
    <Field Name="m_isShield" Type="int" />
    <Field Name="m_sheathSoundID" Type="int" />
    <Field Name="m_unsheathSoundID" Type="int" />
  </Table>
  <Table Name="SkillCostsData" Build="5875">
    <Field Name="m_ID" Type="int" IsIndex="true" />
    <Field Name="m_skillCostsID" Type="int" />
    <Field Name="m_cost" Type="int" ArraySize="3" />
  </Table>
  <Table Name="SkillLine" Build="5875">
    <Field Name="m_ID" Type="int" IsIndex="true" />
    <Field Name="m_categoryID" Type="int" />
    <Field Name="m_skillCostsID" Type="int" />
    <Field Name="m_displayName" Type="loc" />
    <Field Name="m_description" Type="loc" />
    <Field Name="m_spellIconID" Type="int" />
  </Table>
  <Table Name="SkillLineAbility" Build="5875">
    <Field Name="m_ID" Type="int" IsIndex="true" />
    <Field Name="m_skillLine" Type="int" />
    <Field Name="m_spell" Type="int" />
    <Field Name="m_raceMask" Type="int" />
    <Field Name="m_classMask" Type="int" />
    <Field Name="m_excludeRace" Type="int" />
    <Field Name="m_excludeClass" Type="int" />
    <Field Name="m_minSkillLineRank" Type="int" />
    <Field Name="m_supercededBySpell" Type="int" />
    <Field Name="m_aquireMethod" Type="int" />
    <Field Name="m_trivialSkillLineRankHigh" Type="int" />
    <Field Name="m_trivialSkillLineRankLow" Type="int" />
    <Field Name="m_characterPoints" Type="int" ArraySize="2" />
    <Field Name="m_numSkillUps" Type="int" />
  </Table>
  <Table Name="SkillLineCategory" Build="5875">
    <Field Name="m_ID" Type="int" IsIndex="true" />
    <Field Name="m_name" Type="loc" />
    <Field Name="m_sortIndex" Type="int" />
  </Table>
  <Table Name="SkillRaceClassInfo" Build="5875">
    <Field Name="m_ID" Type="int" IsIndex="true" />
    <Field Name="m_skillID" Type="int" />
    <Field Name="m_raceMask" Type="int" />
    <Field Name="m_classMask" Type="int" />
    <Field Name="m_flags" Type="int" />
    <Field Name="m_minLevel" Type="int" />
    <Field Name="m_skillTierID" Type="int" />
    <Field Name="m_skillCostIndex" Type="int" />
  </Table>
  <Table Name="SkillTiers" Build="5875">
    <Field Name="m_ID" Type="int" IsIndex="true" />
    <Field Name="m_cost" Type="int" ArraySize="16" />
    <Field Name="m_value" Type="int" ArraySize="16" />
  </Table>
  <Table Name="SoundAmbience" Build="5875">
    <Field Name="m_ID" Type="int" IsIndex="true" />
    <Field Name="m_AmbienceID" Type="int" ArraySize="2" />
  </Table>
  <Table Name="SoundEntries" Build="5875">
    <Field Name="m_ID" Type="int" IsIndex="true" />
    <Field Name="m_soundType" Type="int" />
    <Field Name="m_name" Type="string" />
    <Field Name="m_File1" Type="string" />
    <Field Name="m_File2" Type="string" />
    <Field Name="m_File3" Type="string" />
    <Field Name="m_File4" Type="string" />
    <Field Name="m_File5" Type="string" />
    <Field Name="m_File6" Type="string" />
    <Field Name="m_File7" Type="string" />
    <Field Name="m_File8" Type="string" />
    <Field Name="m_File9" Type="string" />
    <Field Name="m_File10" Type="string" />
    <Field Name="m_Freq1" Type="string" />
    <Field Name="m_Freq2" Type="string" />
    <Field Name="m_Freq3" Type="string" />
    <Field Name="m_Freq4" Type="string" />
    <Field Name="m_Freq5" Type="string" />
    <Field Name="m_Freq6" Type="string" />
    <Field Name="m_Freq7" Type="string" />
    <Field Name="m_Freq8" Type="string" />
    <Field Name="m_Freq9" Type="string" />
    <Field Name="m_Freq10" Type="string" />
    <Field Name="m_DirectoryBase" Type="string" />
    <Field Name="m_volumeFloat" Type="float" />
    <Field Name="m_flags" Type="int" />
    <Field Name="m_minDistance" Type="float" />
    <Field Name="m_distanceCutoff" Type="float" />
    <Field Name="m_soundEntriesAdvancedID" Type="int" />
  </Table>
  <Table Name="SoundProviderPreferences" Build="5875">
    <Field Name="m_ID" Type="int" IsIndex="true" />
    <Field Name="m_description" Type="string" />
    <Field Name="m_flags" Type="int" />
    <Field Name="m_EAXEnvironmentSelection" Type="int" />
    <Field Name="m_EAXDecayTime" Type="float" />
    <Field Name="m_EAX2EnvironmentSize" Type="float" />
    <Field Name="m_EAX2EnvironmentDiffusion" Type="float" />
    <Field Name="m_EAX2Room" Type="int" />
    <Field Name="m_EAX2RoomHF" Type="int" />
    <Field Name="m_EAX2DecayHFRatio" Type="float" />
    <Field Name="m_EAX2Reflections" Type="int" />
    <Field Name="m_EAX2ReflectionsDelay" Type="float" />
    <Field Name="m_EAX2Reverb" Type="int" />
    <Field Name="m_EAX2ReverbDelay" Type="float" />
    <Field Name="m_EAX2RoomRolloff" Type="float" />
    <Field Name="m_EAX2AirAbsorption" Type="float" />
    <Field Name="m_EAX3RoomLF" Type="int" />
    <Field Name="m_EAX3DecayLFRatio" Type="float" />
    <Field Name="m_EAX3EchoTime" Type="float" />
    <Field Name="m_EAX3EchoDepth" Type="float" />
    <Field Name="m_EAX3ModulationTime" Type="float" />
    <Field Name="m_EAX3ModulationDepth" Type="float" />
    <Field Name="m_EAX3HFReference" Type="float" />
    <Field Name="m_EAX3LFReference" Type="float" />
  </Table>
  <Table Name="SoundSamplePreferences" Build="5875">
    <Field Name="m_ID" Type="int" IsIndex="true" />
    <Field Name="m_field2" Type="int" />
    <Field Name="m_field3" Type="int" />
    <Field Name="m_field4" Type="int" />
    <Field Name="m_field5" Type="int" />
    <Field Name="m_field6" Type="int" />
    <Field Name="m_field7" Type="int" />
    <Field Name="m_field8" Type="int" />
    <Field Name="m_field9" Type="float" />
    <Field Name="m_field10" Type="float" />
    <Field Name="m_field11" Type="int" />
    <Field Name="m_field12" Type="int" />
    <Field Name="m_field13" Type="int" />
    <Field Name="m_field14" Type="float" />
    <Field Name="m_field15" Type="int" />
    <Field Name="m_field16" Type="float" />
    <Field Name="m_field17" Type="int" />
  </Table>
  <Table Name="SoundWaterType" Build="5875">
    <Field Name="m_ID" Type="int" IsIndex="true" />
    <Field Name="m_liquidTypeID" Type="int" />
    <Field Name="m_fluidSpeed" Type="int" />
    <Field Name="m_SoundID" Type="int" />
  </Table>
  <Table Name="SpamMessages" Build="5875">
    <Field Name="m_ID" Type="int" IsIndex="true" />
    <Field Name="m_text" Type="string" />
  </Table>
  <Table Name="Spell" Build="5875">
    <Field Name="m_ID" Type="int" IsIndex="true" />
    <Field Name="m_school" Type="int" />
    <Field Name="m_category" Type="int" />
    <Field Name="m_castUI" Type="int" />
    <Field Name="m_dispelType" Type="int" />
    <Field Name="m_mechanic" Type="int" />
    <Field Name="m_attributes" Type="int" />
    <Field Name="m_attributesEx" Type="int" />
    <Field Name="m_attributesEx2" Type="int" />
    <Field Name="m_attributesEx3" Type="int" />
    <Field Name="m_attributesEx4" Type="int" />
    <Field Name="m_shapeshiftMask" Type="int" />
    <Field Name="m_shapeshiftexclude" Type="int" />
    <Field Name="m_targets" Type="int" />
    <Field Name="m_targetCreatureType" Type="int" />
    <Field Name="m_requiresSpellFocus" Type="int" />
    <Field Name="m_casterAuraState" Type="int" />
    <Field Name="m_targetAuraState" Type="int" />
    <Field Name="m_castingTimeIndex" Type="int" />
    <Field Name="m_recoveryTime" Type="int" />
    <Field Name="m_categoryRecoveryTime" Type="int" />
    <Field Name="m_interruptFlags" Type="int" />
    <Field Name="m_auraInterruptFlags" Type="int" />
    <Field Name="m_channelInterruptFlags" Type="int" />
    <Field Name="m_procTypeMask" Type="int" />
    <Field Name="m_procChance" Type="int" />
    <Field Name="m_procCharges" Type="int" />
    <Field Name="m_maxLevel" Type="int" />
    <Field Name="m_baseLevel" Type="int" />
    <Field Name="m_spellLevel" Type="int" />
    <Field Name="m_durationIndex" Type="int" />
    <Field Name="m_powerType" Type="int" />
    <Field Name="m_manaCost" Type="int" />
    <Field Name="m_manaCostPerLevel" Type="int" />
    <Field Name="m_manaCostPerSecond" Type="int" />
    <Field Name="m_manaCostPerSecondPerLevel" Type="int" />
    <Field Name="m_rangeIndex" Type="int" />
    <Field Name="m_speed" Type="float" />
    <Field Name="m_modalNextSpell" Type="int" />
    <Field Name="m_stackAmount" Type="int" />
    <Field Name="m_totem" Type="int" ArraySize="2" />
    <Field Name="m_reagent" Type="int" ArraySize="8" />
    <Field Name="m_reagentCount" Type="int" ArraySize="8" />
    <Field Name="m_equippedItemClass" Type="int" />
    <Field Name="m_equippedItemSubclass" Type="int" />
    <Field Name="m_equippedItemInvType" Type="int" />
    <Field Name="m_effect" Type="int" ArraySize="3" />
    <Field Name="m_effectDieSides" Type="int" ArraySize="3" />
    <Field Name="m_effectBaseDice" Type="int" ArraySize="3" />
    <Field Name="m_effectDicePerLevel" Type="float" ArraySize="3" />
    <Field Name="m_effectRealPointsPerLevel" Type="float" ArraySize="3" />
    <Field Name="m_effectBasePoints" Type="int" ArraySize="3" />
    <Field Name="m_effectMechanic" Type="int" ArraySize="3" />
    <Field Name="m_implicitTargetA" Type="int" ArraySize="3" />
    <Field Name="m_implicitTargetB" Type="int" ArraySize="3" />
    <Field Name="m_effectRadiusIndex" Type="int" ArraySize="3" />
    <Field Name="m_effectAura" Type="int" ArraySize="3" />
    <Field Name="m_effectAmplitude" Type="float" ArraySize="3" />
    <Field Name="m_effectMultipleValue" Type="float" ArraySize="3" />
    <Field Name="m_effectChainTarget" Type="int" ArraySize="3" />
    <Field Name="m_effectItemType" Type="int" ArraySize="3" />
    <Field Name="m_effectMiscValue" Type="int" ArraySize="3" />
    <Field Name="m_effectTriggerSpell" Type="int" ArraySize="3" />
    <Field Name="m_effectPointsPerCombo" Type="float" ArraySize="3" />
    <Field Name="m_spellVisualID" Type="int" ArraySize="2" />
    <Field Name="m_spellIconID" Type="int" />
    <Field Name="m_activeIconID" Type="int" />
    <Field Name="m_spellPriority" Type="int" />
    <Field Name="m_name" Type="loc" />
    <Field Name="m_nameSubtext" Type="loc" />
    <Field Name="m_description" Type="loc" />
    <Field Name="m_auraDescription" Type="loc" />
    <Field Name="m_manaCostPct" Type="int" />
    <Field Name="m_startRecoveryCategory" Type="int" />
    <Field Name="m_startRecoveryTime" Type="int" />
    <Field Name="m_maxTargetLevel" Type="int" />
    <Field Name="m_spellClassSet" Type="int" />
    <Field Name="m_spellClassMask" Type="int" ArraySize="2" />
    <Field Name="m_maxTargets" Type="int" />
    <Field Name="m_defenseType" Type="int" />
    <Field Name="m_preventionType" Type="int" />
    <Field Name="m_stanceBarOrder" Type="int" />
    <Field Name="m_DamageMultiplier" Type="float" ArraySize="3" />
    <Field Name="m_minFactionId" Type="int" />
    <Field Name="m_minReputation" Type="int" />
    <Field Name="m_requiredAuraVision" Type="int" />
  </Table>
  <Table Name="SpellCastTimes" Build="5875">
    <Field Name="m_ID" Type="int" IsIndex="true" />
    <Field Name="m_base" Type="int" />
    <Field Name="m_perLevel" Type="int" />
    <Field Name="m_minimum" Type="int" />
  </Table>
  <Table Name="SpellCategory" Build="5875">
    <Field Name="m_ID" Type="int" IsIndex="true" />
    <Field Name="m_flags" Type="int" />
  </Table>
  <Table Name="SpellChainEffects" Build="5875">
    <Field Name="m_ID" Type="int" IsIndex="true" />
    <Field Name="m_AvgSegLen" Type="float" />
    <Field Name="m_Width" Type="float" />
    <Field Name="m_NoiseScale" Type="float" />
    <Field Name="m_TexCoordScale" Type="float" />
    <Field Name="m_SegDuration" Type="int" />
    <Field Name="m_SegDelay" Type="int" />
    <Field Name="m_Texture" Type="string" />
  </Table>
  <Table Name="SpellDispelType" Build="5875">
    <Field Name="m_ID" Type="int" IsIndex="true" />
    <Field Name="m_name" Type="loc" />
    <Field Name="m_mask" Type="int" />
    <Field Name="m_immunityPossible" Type="int" />
  </Table>
  <Table Name="SpellDuration" Build="5875">
    <Field Name="m_ID" Type="int" IsIndex="true" />
    <Field Name="m_duration" Type="int" />
    <Field Name="m_durationPerLevel" Type="int" />
    <Field Name="m_maxDuration" Type="int" />
  </Table>
  <Table Name="SpellEffectCameraShakes" Build="5875">
    <Field Name="m_ID" Type="int" IsIndex="true" />
    <Field Name="m_CameraShake" Type="int" ArraySize="3" />
  </Table>
  <Table Name="SpellFocusObject" Build="5875">
    <Field Name="m_ID" Type="int" IsIndex="true" />
    <Field Name="m_name" Type="loc" />
  </Table>
  <Table Name="SpellIcon" Build="5875">
    <Field Name="m_id" Type="int" IsIndex="true" />
    <Field Name="m_textureFilename" Type="string" />
  </Table>
  <Table Name="SpellItemEnchantment" Build="5875">
    <Field Name="m_ID" Type="int" IsIndex="true" />
    <Field Name="m_enchantmentType" Type="int" ArraySize="3" />
    <Field Name="m_effectPointsMin" Type="int" ArraySize="3" />
    <Field Name="m_effectPointsMax" Type="int" ArraySize="3" />
    <Field Name="m_effectArg" Type="int" ArraySize="3" />
    <Field Name="m_name" Type="loc" />
    <Field Name="m_itemVisual" Type="int" />
    <Field Name="m_flags" Type="int" />
  </Table>
  <Table Name="SpellMechanic" Build="5875">
    <Field Name="m_ID" Type="int" IsIndex="true" />
    <Field Name="m_stateName" Type="loc" />
  </Table>
  <Table Name="SpellRadius" Build="5875">
    <Field Name="m_ID" Type="int" IsIndex="true" />
    <Field Name="m_radius" Type="float" />
    <Field Name="m_radiusPerLevel" Type="float" />
    <Field Name="m_radiusMax" Type="float" />
  </Table>
  <Table Name="SpellRange" Build="5875">
    <Field Name="m_ID" Type="int" IsIndex="true" />
    <Field Name="m_rangeMin" Type="float" />
    <Field Name="m_rangeMax" Type="float" />
    <Field Name="m_flags" Type="int" />
    <Field Name="m_displayName" Type="loc" />
    <Field Name="m_displayNameShort" Type="loc" />
  </Table>
  <Table Name="SpellShapeshiftForm" Build="5875">
    <Field Name="m_ID" Type="int" IsIndex="true" />
    <Field Name="m_bonusActionBar" Type="int" />
    <Field Name="m_name" Type="loc" />
    <Field Name="m_flags" Type="int" />
    <Field Name="m_creatureType" Type="int" />
    <Field Name="m_combatRoundTime" Type="int" />
  </Table>
  <Table Name="SpellVisual" Build="5875">
    <Field Name="m_ID" Type="int" IsIndex="true" />
    <Field Name="m_precastKit" Type="int" />
    <Field Name="m_castKit" Type="int" />
    <Field Name="m_impactKit" Type="int" />
    <Field Name="m_stateKit" Type="int" />
    <Field Name="m_stateDoneKit" Type="int" />
    <Field Name="m_channelKit" Type="int" />
    <Field Name="m_hasMissile" Type="int" />
    <Field Name="m_missileModel" Type="int" />
    <Field Name="m_missilePathType" Type="int" />
    <Field Name="m_missileDestinationAttachment" Type="int" />
    <Field Name="m_missileSound" Type="int" />
    <Field Name="m_animEventSoundID" Type="int" />
    <Field Name="m_flags" Type="int" />
    <Field Name="m_casterImpactKit" Type="int" />
    <Field Name="m_targetImpactKit" Type="int" />
  </Table>
  <Table Name="SpellVisualEffectName" Build="5875">
    <Field Name="m_ID" Type="int" IsIndex="true" />
    <Field Name="m_name" Type="string" />
    <Field Name="m_fileName" Type="string" />
    <Field Name="m_areaEffectSize" Type="float" />
    <Field Name="m_scale" Type="float" />
  </Table>
  <Table Name="SpellVisualKit" Build="5875">
    <Field Name="m_ID" Type="int" IsIndex="true" />
    <Field Name="m_startAnimID" Type="int" />
    <Field Name="m_animID" Type="int" />
    <Field Name="m_animKitID" Type="int" />
    <Field Name="m_headEffect" Type="int" />
    <Field Name="m_chestEffect" Type="int" />
    <Field Name="m_baseEffect" Type="int" />
    <Field Name="m_leftHandEffect" Type="int" />
    <Field Name="m_rightHandEffect" Type="int" />
    <Field Name="m_breathEffect" Type="int" />
    <Field Name="m_leftWeaponEffect" Type="int" />
    <Field Name="m_rightWeaponEffect" Type="int" />
    <Field Name="m_specialEffect" Type="int" ArraySize="3" />
    <Field Name="m_worldEffect" Type="int" />
    <Field Name="m_soundID" Type="int" />
    <Field Name="m_shakeID" Type="int" />
    <Field Name="m_charProc" Type="int" ArraySize="4" />
    <Field Name="m_charParamZero" Type="float" ArraySize="4" />
    <Field Name="m_charParamOne" Type="float" ArraySize="4" />
    <Field Name="m_charParamTwo" Type="float" ArraySize="4" />
    <Field Name="m_flags" Type="int" />
  </Table>
  <Table Name="SpellVisualPrecastTransitions" Build="5875">
    <Field Name="m_ID" Type="int" IsIndex="true" />
    <Field Name="m_loadAnimation" Type="string" />
    <Field Name="m_holdAnimation" Type="string" />
  </Table>
  <Table Name="StableSlotPrices" Build="5875">
    <Field Name="m_ID" Type="int" IsIndex="true" />
    <Field Name="m_Cost" Type="int" />
  </Table>
  <Table Name="Startup_Strings" Build="5875">
    <Field Name="m_ID" Type="int" IsIndex="true" />
    <Field Name="m_Name" Type="string" />
    <Field Name="m_String" Type="loc" />
  </Table>
  <Table Name="Stationery" Build="5875">
    <Field Name="m_ID" Type="int" IsIndex="true" />
    <Field Name="m_itemID" Type="int" />
    <Field Name="m_texture" Type="string" />
    <Field Name="m_flags" Type="int" />
  </Table>
  <Table Name="StringLookups" Build="5875">
    <Field Name="m_ID" Type="int" IsIndex="true" />
    <Field Name="m_String" Type="string" />
  </Table>
  <Table Name="Talent" Build="5875">
    <Field Name="m_ID" Type="int" IsIndex="true" />
    <Field Name="m_tabID" Type="int" />
    <Field Name="m_tierID" Type="int" />
    <Field Name="m_columnIndex" Type="int" />
    <Field Name="m_spellRank" Type="int" ArraySize="9" />
    <Field Name="m_prereqTalent" Type="int" ArraySize="3" />
    <Field Name="m_prereqRank" Type="int" ArraySize="3" />
    <Field Name="m_flags" Type="int" />
    <Field Name="m_requiredSpellID" Type="int" />
  </Table>
  <Table Name="TalentTab" Build="5875">
    <Field Name="m_ID" Type="int" IsIndex="true" />
    <Field Name="m_Name" Type="loc" />
    <Field Name="m_SpellIconID" Type="int" />
    <Field Name="m_raceMask" Type="int" />
    <Field Name="m_classMask" Type="int" />
    <Field Name="m_orderIndex" Type="uint" />
    <Field Name="m_backgroundFile" Type="string" />
  </Table>
  <Table Name="TaxiNodes" Build="5875">
    <Field Name="m_ID" Type="int" IsIndex="true" />
    <Field Name="m_ContinentID" Type="int" />
    <Field Name="m_X" Type="float" />
    <Field Name="m_Y" Type="float" />
    <Field Name="m_Z" Type="float" />
    <Field Name="m_Name" Type="loc" />
    <Field Name="m_MountCreatureID" Type="int" ArraySize="2" />
  </Table>
  <Table Name="TaxiPath" Build="5875">
    <Field Name="m_ID" Type="int" IsIndex="true" />
    <Field Name="m_FromTaxiNode" Type="int" />
    <Field Name="m_ToTaxiNode" Type="int" />
    <Field Name="m_Cost" Type="int" />
  </Table>
  <Table Name="TaxiPathNode" Build="5875">
    <Field Name="m_ID" Type="int" IsIndex="true" />
    <Field Name="m_PathID" Type="int" />
    <Field Name="m_NodeIndex" Type="int" />
    <Field Name="m_ContinentID" Type="int" />
    <Field Name="m_LocX" Type="float" />
    <Field Name="m_LocY" Type="float" />
    <Field Name="m_LocZ" Type="float" />
    <Field Name="m_flags" Type="int" />
    <Field Name="m_delay" Type="int" />
  </Table>
  <Table Name="TerrainType" Build="5875">
    <Field Name="m_ID" Type="int" IsIndex="true" />
    <Field Name="m_TerrainDesc" Type="string" />
    <Field Name="m_FootstepSprayRun" Type="int" />
    <Field Name="m_FootstepSprayWalk" Type="int" />
    <Field Name="m_SoundID" Type="int" />
    <Field Name="m_flags" Type="int" />
  </Table>
  <Table Name="TerrainTypeSounds" Build="5875">
    <Field Name="m_ID" Type="int" IsIndex="true" />
  </Table>
  <Table Name="TransportAnimation" Build="5875">
    <Field Name="m_ID" Type="int" IsIndex="true" />
    <Field Name="m_TransportID" Type="int" />
    <Field Name="m_TimeIndex" Type="int" />
    <Field Name="m_PosX" Type="int" />
    <Field Name="m_PosY" Type="int" />
    <Field Name="m_PosZ" Type="float" />
    <Field Name="m_SequenceID" Type="int" />
  </Table>
  <Table Name="UISoundLookups" Build="5875">
    <Field Name="m_ID" Type="int" IsIndex="true" />
    <Field Name="m_SoundID" Type="int" />
    <Field Name="m_Name" Type="string" />
  </Table>
  <Table Name="UnitBlood" Build="5875">
    <Field Name="m_ID" Type="int" IsIndex="true" />
    <Field Name="m_CombatBloodSpurtFront" Type="int" ArraySize="2" />
    <Field Name="m_CombatBloodSpurtBack" Type="int" ArraySize="2" />
    <Field Name="m_GroundBlood1" Type="string" />
    <Field Name="m_GroundBlood2" Type="string" />
    <Field Name="m_GroundBlood3" Type="string" />
    <Field Name="m_GroundBlood4" Type="string" />
    <Field Name="m_GroundBlood5" Type="string" />
  </Table>
  <Table Name="UnitBloodLevels" Build="5875">
    <Field Name="m_ID" Type="int" IsIndex="true" />
    <Field Name="m_Violencelevel" Type="int" ArraySize="3" />
  </Table>
  <Table Name="VideoHardware" Build="5875">
    <Field Name="m_ID" Type="int" IsIndex="true" />
    <Field Name="m_field2" Type="uint" />
    <Field Name="m_field3" Type="uint" />
    <Field Name="m_field4" Type="uint" />
    <Field Name="m_field5" Type="uint" />
    <Field Name="m_field6" Type="string" />
    <Field Name="m_field7" Type="uint" />
    <Field Name="m_field8" Type="string" />
    <Field Name="m_field9" Type="string" />
    <Field Name="m_field10" Type="string" />
    <Field Name="m_field11" Type="uint" />
    <Field Name="m_field12" Type="string" />
    <Field Name="m_field13" Type="string" />
    <Field Name="m_field14" Type="uint" />
    <Field Name="m_field15" Type="uint" />
    <Field Name="m_field16" Type="uint" />
    <Field Name="m_field17" Type="uint" />
    <Field Name="m_field18" Type="string" />
    <Field Name="m_field19" Type="string" />
    <Field Name="m_field20" Type="string" />
    <Field Name="m_field21" Type="string" />
    <Field Name="m_field22" Type="uint" />
  </Table>
  <Table Name="VocalUISounds" Build="5875">
    <Field Name="m_ID" Type="int" IsIndex="true" />
    <Field Name="m_vocalUIEnum" Type="int" />
    <Field Name="m_raceID" Type="int" />
    <Field Name="m_NormalSoundID" Type="int" ArraySize="2" />
    <Field Name="m_pissedSound" Type="int" ArraySize="2" />
  </Table>
  <Table Name="WeaponImpactSounds" Build="5875">
    <Field Name="m_ID" Type="int" IsIndex="true" />
    <Field Name="m_WeaponSubclassID" Type="int" />
    <Field Name="m_ParrySoundType" Type="int" />
    <Field Name="m_impactSoundID" Type="int" ArraySize="10" />
    <Field Name="m_critImpactSoundID" Type="int" ArraySize="10" />
  </Table>
  <Table Name="WeaponSwingSounds2" Build="5875">
    <Field Name="m_ID" Type="int" IsIndex="true" />
    <Field Name="m_SwingType" Type="int" />
    <Field Name="m_Crit" Type="int" />
    <Field Name="m_SoundID" Type="int" />
  </Table>
  <Table Name="WMOAreaTable" Build="5875">
    <Field Name="m_ID" Type="int" IsIndex="true" />
    <Field Name="m_WMOID" Type="int" />
    <Field Name="m_NameSetID" Type="int" />
    <Field Name="m_WMOGroupID" Type="int" />
    <Field Name="m_soundProviderPref" Type="int" />
    <Field Name="m_soundProviderPrefUnderwater" Type="int" />
    <Field Name="m_AmbienceID" Type="int" />
    <Field Name="m_ZoneMusic" Type="int" />
    <Field Name="m_IntroSound" Type="int" />
    <Field Name="m_flags" Type="uint" />
    <Field Name="m_AreaTableID" Type="int" />
    <Field Name="m_AreaName" Type="loc" />
  </Table>
  <Table Name="WorldMapArea" Build="5875">
    <Field Name="m_ID" Type="int" IsIndex="true" />
    <Field Name="m_mapID" Type="int" />
    <Field Name="m_areaID" Type="int" />
    <Field Name="m_areaName" Type="string" />
    <Field Name="m_locLeft" Type="float" />
    <Field Name="m_locRight" Type="float" />
    <Field Name="m_locTop" Type="float" />
    <Field Name="m_locBottom" Type="float" />
  </Table>
  <Table Name="WorldMapContinent" Build="5875">
    <Field Name="m_ID" Type="int" IsIndex="true" />
    <Field Name="m_mapID" Type="int" />
    <Field Name="m_leftBoundary" Type="uint" />
    <Field Name="m_rightBoundary" Type="uint" />
    <Field Name="m_topBoundary" Type="uint" />
    <Field Name="m_bottomBoundary" Type="uint" />
    <Field Name="m_continentOffsetX" Type="float" />
    <Field Name="m_continentOffsetY" Type="float" />
    <Field Name="m_scale" Type="float" />
    <Field Name="m_taxiMinX" Type="float" />
    <Field Name="m_taxiMinY" Type="float" />
    <Field Name="m_taxiMaxX" Type="float" />
    <Field Name="m_taxiMaxY" Type="float" />
  </Table>
  <Table Name="WorldMapOverlay" Build="5875">
    <Field Name="m_ID" Type="int" IsIndex="true" />
    <Field Name="m_mapArea" Type="int" />
    <Field Name="m_areaID" Type="int" ArraySize="4" />
    <Field Name="m_mapPointX" Type="uint" />
    <Field Name="m_mapPointY" Type="uint" />
    <Field Name="m_textureName" Type="string" />
    <Field Name="m_textureWidth" Type="uint" />
    <Field Name="m_textureHeight" Type="uint" />
    <Field Name="m_offsetX" Type="uint" />
    <Field Name="m_offsetY" Type="uint" />
    <Field Name="m_hitRectTop" Type="uint" />
    <Field Name="m_hitRectLeft" Type="uint" />
    <Field Name="m_hitRectBottom" Type="uint" />
    <Field Name="m_hitRectRight" Type="uint" />
  </Table>
  <Table Name="WorldSafeLocs" Build="5875">
    <Field Name="m_ID" Type="int" IsIndex="true" />
    <Field Name="m_Continent" Type="int" />
    <Field Name="m_locationX" Type="float" />
    <Field Name="m_locationY" Type="float" />
    <Field Name="m_locationZ" Type="float" />
    <Field Name="m_AreaName" Type="loc" />
  </Table>
  <Table Name="WorldStateUI" Build="5875">
    <Field Name="m_ID" Type="int" IsIndex="true" />
    <Field Name="m_field2" Type="uint" />
    <Field Name="m_field3" Type="uint" />
    <Field Name="m_field4" Type="string" />
    <Field Name="m_field5" Type="loc" />
    <Field Name="m_field14" Type="loc" />
    <Field Name="m_field23" Type="int" />
    <Field Name="m_field24" Type="uint" />
    <Field Name="m_field25" Type="uint" />
    <Field Name="m_field26" Type="string" />
    <Field Name="m_field27" Type="loc" />
    <Field Name="m_field36" Type="string" />
    <Field Name="m_field37" Type="uint" />
    <Field Name="m_field38" Type="uint" />
    <Field Name="m_field39" Type="uint" />
  </Table>
  <Table Name="WowError_Strings" Build="5875">
    <Field Name="m_ID" Type="int" IsIndex="true" />
    <Field Name="m_errorName" Type="string" />
    <Field Name="m_errorString" Type="loc" />
  </Table>
  <Table Name="ZoneIntroMusicTable" Build="5875">
    <Field Name="m_ID" Type="int" IsIndex="true" />
    <Field Name="m_Name" Type="string" />
    <Field Name="m_SoundID" Type="int" />
    <Field Name="m_Priority" Type="uint" />
    <Field Name="m_MinDelayMinutes" Type="uint" />
  </Table>
  <Table Name="ZoneMusic" Build="5875">
    <Field Name="m_ID" Type="int" IsIndex="true" />
    <Field Name="m_SetName" Type="string" />
    <Field Name="m_SilenceIntervalMinDay" Type="uint" />
    <Field Name="m_SilenceIntervalMinNight" Type="uint" />
    <Field Name="m_SilenceIntervalMaxDay" Type="uint" />
    <Field Name="m_SilenceIntervalMaxNight" Type="uint" />
    <Field Name="m_SoundsDay" Type="int" />
    <Field Name="m_SoundsNight" Type="int" />
  </Table>
</Definition>