<?xml version="1.0"?>
<ArrayOfShaderDefinition xmlns:xsi="http://www.w3.org/2001/XMLSchema-instance" xmlns:xsd="http://www.w3.org/2001/XMLSchema">
  <ShaderDefinition>
    <SourceName>Resources\Shaders\M2Pixel.hlsl</SourceName>
    <Profile>ps_4_0</Profile>
    <Permutations>
      <ShaderPermutation>
        <EntryPoint>main_PS_Combiners_Opaque</EntryPoint>
        <TargetFile>Resources\Shaders\M2Pixel_PS_Combiners_Opaque.dxc</TargetFile>
        <Definitions/>
      </ShaderPermutation>
      <ShaderPermutation>
        <EntryPoint>main_PS_Combiners_Mod</EntryPoint>
        <TargetFile>Resources\Shaders\M2Pixel_PS_Combiners_Mod.dxc</TargetFile>
        <Definitions/>
      </ShaderPermutation>
      <ShaderPermutation>
        <EntryPoint>main_PS_Combiners_Opaque_Alpha</EntryPoint>
        <TargetFile>Resources\Shaders\M2Pixel_PS_Combiners_Opaque_Alpha.dxc</TargetFile>
        <Definitions/>
      </ShaderPermutation>
      <ShaderPermutation>
        <EntryPoint>main_PS_Combiners_Opaque_Mod</EntryPoint>
        <TargetFile>Resources\Shaders\M2Pixel_PS_Combiners_Opaque_Mod.dxc</TargetFile>
        <Definitions/>
      </ShaderPermutation>
      <ShaderPermutation>
        <EntryPoint>main_PS_Combiners_Opaque_Mod2x</EntryPoint>
        <TargetFile>Resources\Shaders\M2Pixel_PS_Combiners_Opaque_Mod2x.dxc</TargetFile>
        <Definitions/>
      </ShaderPermutation>
      <ShaderPermutation>
        <EntryPoint>main_PS_Combiners_Opaque_Mod2xNA</EntryPoint>
        <TargetFile>Resources\Shaders\M2Pixel_PS_Combiners_Opaque_Mod2xNA.dxc</TargetFile>
        <Definitions/>
      </ShaderPermutation>
      <ShaderPermutation>
        <EntryPoint>main_PS_Combiners_Opaque_Opaque</EntryPoint>
        <TargetFile>Resources\Shaders\M2Pixel_PS_Combiners_Opaque_Opaque.dxc</TargetFile>
        <Definitions/>
      </ShaderPermutation>
      <ShaderPermutation>
        <EntryPoint>main_PS_Combiners_Mod_Mod</EntryPoint>
        <TargetFile>Resources\Shaders\M2Pixel_PS_Combiners_Mod_Mod.dxc</TargetFile>
        <Definitions/>
      </ShaderPermutation>
      <ShaderPermutation>
        <EntryPoint>main_PS_Combiners_Mod_Mod2x</EntryPoint>
        <TargetFile>Resources\Shaders\M2Pixel_PS_Combiners_Mod_Mod2x.dxc</TargetFile>
        <Definitions/>
      </ShaderPermutation>
      <ShaderPermutation>
        <EntryPoint>main_PS_Combiners_Mod_Add</EntryPoint>
        <TargetFile>Resources\Shaders\M2Pixel_PS_Combiners_Mod_Add.dxc</TargetFile>
        <Definitions/>
      </ShaderPermutation>
      <ShaderPermutation>
        <EntryPoint>main_PS_Combiners_Mod_Mod2xNA</EntryPoint>
        <TargetFile>Resources\Shaders\M2Pixel_PS_Combiners_Mod_Mod2xNA.dxc</TargetFile>
        <Definitions/>
      </ShaderPermutation>
      <ShaderPermutation>
        <EntryPoint>main_PS_Combiners_Mod_AddNA</EntryPoint>
        <TargetFile>Resources\Shaders\M2Pixel_PS_Combiners_Mod_AddNA.dxc</TargetFile>
        <Definitions/>
      </ShaderPermutation>
      <ShaderPermutation>
        <EntryPoint>main_PS_Combiners_Mod_Opaque</EntryPoint>
        <TargetFile>Resources\Shaders\M2Pixel_PS_Combiners_Mod_Opaque.dxc</TargetFile>
        <Definitions/>
      </ShaderPermutation>
      <ShaderPermutation>
        <EntryPoint>main_PS_Combiners_Opaque_AddAlpha</EntryPoint>
        <TargetFile>Resources\Shaders\M2Pixel_PS_Combiners_Opaque_AddAlpha.dxc</TargetFile>
        <Definitions/>
      </ShaderPermutation>
      <ShaderPermutation>
        <EntryPoint>main_PS_Combiners_Opaque_Alpha_Alpha</EntryPoint>
        <TargetFile>Resources\Shaders\M2Pixel_PS_Combiners_Opaque_Alpha_Alpha.dxc</TargetFile>
        <Definitions/>
      </ShaderPermutation>
      <ShaderPermutation>
        <EntryPoint>main_PS_Combiners_Opaque_AddAlpha_Alpha</EntryPoint>
        <TargetFile>Resources\Shaders\M2Pixel_PS_Combiners_Opaque_AddAlpha_Alpha.dxc</TargetFile>
        <Definitions/>
      </ShaderPermutation>
      <ShaderPermutation>
        <EntryPoint>main_PS_Combiners_Mod_AddAlpha</EntryPoint>
        <TargetFile>Resources\Shaders\M2Pixel_PS_Combiners_Mod_AddAlpha.dxc</TargetFile>
        <Definitions/>
      </ShaderPermutation>
      <ShaderPermutation>
        <EntryPoint>main_PS_Combiners_Mod_Add_Alpha</EntryPoint>
        <TargetFile>Resources\Shaders\M2Pixel_PS_Combiners_Mod_Add_Alpha.dxc</TargetFile>
        <Definitions/>
      </ShaderPermutation>
      <ShaderPermutation>
        <EntryPoint>main_PS_Combiners_Mod_AddAlpha_Alpha</EntryPoint>
        <TargetFile>Resources\Shaders\M2Pixel_PS_Combiners_Mod_AddAlpha_Alpha.dxc</TargetFile>
        <Definitions/>
      </ShaderPermutation>
      <ShaderPermutation>
        <EntryPoint>main_PS_Combiners_Opaque_Mod2xNA_Alpha</EntryPoint>
        <TargetFile>Resources\Shaders\M2Pixel_PS_Combiners_Opaque_Mod2xNA_Alpha.dxc</TargetFile>
        <Definitions/>
      </ShaderPermutation>
      <ShaderPermutation>
        <EntryPoint>main_PS_Combiners_Opaque_ModNA_Alpha</EntryPoint>
        <TargetFile>Resources\Shaders\M2Pixel_PS_Combiners_Opaque_ModNA_Alpha.dxc</TargetFile>
        <Definitions/>
      </ShaderPermutation>
      <ShaderPermutation>
        <EntryPoint>main_PS_Combiners_Opaque_AddAlpha_Wgt</EntryPoint>
        <TargetFile>Resources\Shaders\M2Pixel_PS_Combiners_Opaque_AddAlpha_Wgt.dxc</TargetFile>
        <Definitions/>
      </ShaderPermutation>
      <ShaderPermutation>
        <EntryPoint>main_PS_Combiners_Mod_Dual_Crossfade</EntryPoint>
        <TargetFile>Resources\Shaders\M2Pixel_PS_Combiners_Mod_Dual_Crossfade.dxc</TargetFile>
        <Definitions/>
      </ShaderPermutation>
      <ShaderPermutation>
        <EntryPoint>main_PS_Combiners_Mod_Masked_Dual_Crossfade</EntryPoint>
        <TargetFile>Resources\Shaders\M2Pixel_PS_Combiners_Mod_Masked_Dual_Crossfade.dxc</TargetFile>
        <Definitions/>
      </ShaderPermutation>
    </Permutations>
  </ShaderDefinition>

  <ShaderDefinition>
    <SourceName>Resources\Shaders\M2PixelOld.hlsl</SourceName>
    <Profile>ps_4_0</Profile>
    <Permutations>
      <ShaderPermutation>
        <EntryPoint>main</EntryPoint>
        <TargetFile>Resources\Shaders\M2PixelOld.dxc</TargetFile>
        <Definitions/>
      </ShaderPermutation>
      <ShaderPermutation>
        <EntryPoint>main_blend_alpha_test</EntryPoint>
        <TargetFile>Resources\Shaders\M2PixelBlendAlphaOld.dxc</TargetFile>
        <Definitions/>
      </ShaderPermutation>
      <ShaderPermutation>
        <EntryPoint>main_blend</EntryPoint>
        <TargetFile>Resources\Shaders\M2PixelBlendOld.dxc</TargetFile>
        <Definitions/>
      </ShaderPermutation>
      <ShaderPermutation>
        <EntryPoint>main_blend_2_pass</EntryPoint>
        <TargetFile>Resources\Shaders\M2Pixel2PassOld.dxc</TargetFile>
        <Definitions/>
      </ShaderPermutation>
      <ShaderPermutation>
        <EntryPoint>main_blend_3_pass</EntryPoint>
        <TargetFile>Resources\Shaders\M2Pixel3PassOld.dxc</TargetFile>
        <Definitions/>
      </ShaderPermutation>
    </Permutations>
  </ShaderDefinition>
  
  <ShaderDefinition>
    <SourceName>Resources\Shaders\M2PixelPortrait.hlsl</SourceName>
    <Profile>ps_4_0</Profile>
    <Permutations>
      <ShaderPermutation>
        <EntryPoint>main</EntryPoint>
        <TargetFile>Resources\Shaders\M2PixelPortrait.dxc</TargetFile>
        <Definitions/>
      </ShaderPermutation>
      <ShaderPermutation>
        <EntryPoint>main_blend</EntryPoint>
        <TargetFile>Resources\Shaders\M2PixelPortraitBlend.dxc</TargetFile>
        <Definitions/>
      </ShaderPermutation>
      <ShaderPermutation>
        <EntryPoint>main_blend_alpha_test</EntryPoint>
        <TargetFile>Resources\Shaders\M2PixelPortraitBlendAlpha.dxc</TargetFile>
        <Definitions/>
      </ShaderPermutation>
      <ShaderPermutation>
        <EntryPoint>main_blend_2_pass</EntryPoint>
        <TargetFile>Resources\Shaders\M2PixelPortrait2Pass.dxc</TargetFile>
        <Definitions/>
      </ShaderPermutation>
      <ShaderPermutation>
        <EntryPoint>main_blend_3_pass</EntryPoint>
        <TargetFile>Resources\Shaders\M2PixelPortrait3Pass.dxc</TargetFile>
        <Definitions/>
      </ShaderPermutation>
    </Permutations>
  </ShaderDefinition>

  <ShaderDefinition>
    <SourceName>Resources\Shaders\M2VertexInstanced.hlsl</SourceName>
    <Profile>vs_4_0</Profile>
    <Permutations>
      <ShaderPermutation>
        <EntryPoint>main_VS_Diffuse_T1</EntryPoint>
        <TargetFile>Resources\Shaders\M2VertexInstanced_VS_Diffuse_T1.dxc</TargetFile>
        <Definitions/>
      </ShaderPermutation>
      <ShaderPermutation>
        <EntryPoint>main_VS_Diffuse_EdgeFade_T1</EntryPoint>
        <TargetFile>Resources\Shaders\M2VertexInstanced_VS_Diffuse_EdgeFade_T1.dxc</TargetFile>
        <Definitions/>
      </ShaderPermutation>
      <ShaderPermutation>
        <EntryPoint>main_VS_Diffuse_T1_T2</EntryPoint>
        <TargetFile>Resources\Shaders\M2VertexInstanced_VS_Diffuse_T1_T2.dxc</TargetFile>
        <Definitions/>
      </ShaderPermutation>
      <ShaderPermutation>
        <EntryPoint>main_VS_Diffuse_EdgeFade_T1_T2</EntryPoint>
        <TargetFile>Resources\Shaders\M2VertexInstanced_VS_Diffuse_EdgeFade_T1_T2.dxc</TargetFile>
        <Definitions/>
      </ShaderPermutation>
      <ShaderPermutation>
        <EntryPoint>main_VS_Diffuse_T1_Env</EntryPoint>
        <TargetFile>Resources\Shaders\M2VertexInstanced_VS_Diffuse_T1_Env.dxc</TargetFile>
        <Definitions/>
      </ShaderPermutation>
      <ShaderPermutation>
        <EntryPoint>main_VS_Diffuse_T1_Env_T1</EntryPoint>
        <TargetFile>Resources\Shaders\M2VertexInstanced_VS_Diffuse_T1_Env_T1.dxc</TargetFile>
        <Definitions/>
      </ShaderPermutation>
      <ShaderPermutation>
        <EntryPoint>main_VS_Diffuse_T1_T1</EntryPoint>
        <TargetFile>Resources\Shaders\M2VertexInstanced_VS_Diffuse_T1_T1.dxc</TargetFile>
        <Definitions/>
      </ShaderPermutation>
      <ShaderPermutation>
        <EntryPoint>main_VS_Diffuse_T1_Env_T2</EntryPoint>
        <TargetFile>Resources\Shaders\M2VertexInstanced_VS_Diffuse_T1_Env_T2.dxc</TargetFile>
        <Definitions/>
      </ShaderPermutation>
      <ShaderPermutation>
        <EntryPoint>main_VS_Diffuse_Env</EntryPoint>
        <TargetFile>Resources\Shaders\M2VertexInstanced_VS_Diffuse_Env.dxc</TargetFile>
        <Definitions/>
      </ShaderPermutation>
      <ShaderPermutation>
        <EntryPoint>main_VS_Diffuse_EdgeFade_Env</EntryPoint>
        <TargetFile>Resources\Shaders\M2VertexInstanced_VS_Diffuse_EdgeFade_Env.dxc</TargetFile>
        <Definitions/>
      </ShaderPermutation>
      <ShaderPermutation>
        <EntryPoint>main_VS_Diffuse_Env_T1</EntryPoint>
        <TargetFile>Resources\Shaders\M2VertexInstanced_VS_Diffuse_Env_T1.dxc</TargetFile>
        <Definitions/>
      </ShaderPermutation>
      <ShaderPermutation>
        <EntryPoint>main_VS_Diffuse_Env_Env</EntryPoint>
        <TargetFile>Resources\Shaders\M2VertexInstanced_VS_Diffuse_Env_Env.dxc</TargetFile>
        <Definitions/>
      </ShaderPermutation>
      <ShaderPermutation>
        <EntryPoint>main_VS_Diffuse_T1_T1</EntryPoint>
        <TargetFile>Resources\Shaders\M2VertexInstanced_VS_Diffuse_T1_T2.dxc</TargetFile>
        <Definitions/>
      </ShaderPermutation>
      <ShaderPermutation>
        <EntryPoint>main_VS_Diffuse_T2</EntryPoint>
        <TargetFile>Resources\Shaders\M2VertexInstanced_VS_Diffuse_T2.dxc</TargetFile>
        <Definitions/>
      </ShaderPermutation>
      <ShaderPermutation>
        <EntryPoint>main_VS_Diffuse_T1_T1_T1</EntryPoint>
        <TargetFile>Resources\Shaders\M2VertexInstanced_VS_Diffuse_T1_T1_T1.dxc</TargetFile>
        <Definitions/>
      </ShaderPermutation>
      <ShaderPermutation>
        <EntryPoint>main_VS_Diffuse_T1_T2_T1</EntryPoint>
        <TargetFile>Resources\Shaders\M2VertexInstanced_VS_Diffuse_T1_T2_T1.dxc</TargetFile>
        <Definitions/>
      </ShaderPermutation>
      <ShaderPermutation>
        <EntryPoint>main_VS_Diffuse_T1_T1_T1_T2</EntryPoint>
        <TargetFile>Resources\Shaders\M2VertexInstanced_VS_Diffuse_T1_T1_T1_T2.dxc</TargetFile>
        <Definitions/>
      </ShaderPermutation>
    </Permutations>
  </ShaderDefinition>

  <ShaderDefinition>
    <SourceName>Resources\Shaders\M2VertexSingle.hlsl</SourceName>
    <Profile>vs_4_0</Profile>
    <Permutations>
      <ShaderPermutation>
        <EntryPoint>main_VS_Diffuse_T1</EntryPoint>
        <TargetFile>Resources\Shaders\M2VertexSingle_VS_Diffuse_T1.dxc</TargetFile>
        <Definitions/>
      </ShaderPermutation>
      <ShaderPermutation>
        <EntryPoint>main_VS_Diffuse_EdgeFade_T1</EntryPoint>
        <TargetFile>Resources\Shaders\M2VertexSingle_VS_Diffuse_EdgeFade_T1.dxc</TargetFile>
        <Definitions/>
      </ShaderPermutation>
      <ShaderPermutation>
        <EntryPoint>main_VS_Diffuse_T1_T2</EntryPoint>
        <TargetFile>Resources\Shaders\M2VertexSingle_VS_Diffuse_T1_T2.dxc</TargetFile>
        <Definitions/>
      </ShaderPermutation>
      <ShaderPermutation>
        <EntryPoint>main_VS_Diffuse_EdgeFade_T1_T2</EntryPoint>
        <TargetFile>Resources\Shaders\M2VertexSingle_VS_Diffuse_EdgeFade_T1_T2.dxc</TargetFile>
        <Definitions/>
      </ShaderPermutation>
      <ShaderPermutation>
        <EntryPoint>main_VS_Diffuse_T1_Env</EntryPoint>
        <TargetFile>Resources\Shaders\M2VertexSingle_VS_Diffuse_T1_Env.dxc</TargetFile>
        <Definitions/>
      </ShaderPermutation>
      <ShaderPermutation>
        <EntryPoint>main_VS_Diffuse_T1_Env_T1</EntryPoint>
        <TargetFile>Resources\Shaders\M2VertexSingle_VS_Diffuse_T1_Env_T1.dxc</TargetFile>
        <Definitions/>
      </ShaderPermutation>
      <ShaderPermutation>
        <EntryPoint>main_VS_Diffuse_T1_T1</EntryPoint>
        <TargetFile>Resources\Shaders\M2VertexSingle_VS_Diffuse_T1_T1.dxc</TargetFile>
        <Definitions/>
      </ShaderPermutation>
      <ShaderPermutation>
        <EntryPoint>main_VS_Diffuse_T1_Env_T2</EntryPoint>
        <TargetFile>Resources\Shaders\M2VertexSingle_VS_Diffuse_T1_Env_T2.dxc</TargetFile>
        <Definitions/>
      </ShaderPermutation>
      <ShaderPermutation>
        <EntryPoint>main_VS_Diffuse_Env</EntryPoint>
        <TargetFile>Resources\Shaders\M2VertexSingle_VS_Diffuse_Env.dxc</TargetFile>
        <Definitions/>
      </ShaderPermutation>
      <ShaderPermutation>
        <EntryPoint>main_VS_Diffuse_EdgeFade_Env</EntryPoint>
        <TargetFile>Resources\Shaders\M2VertexSingle_VS_Diffuse_EdgeFade_Env.dxc</TargetFile>
        <Definitions/>
      </ShaderPermutation>
      <ShaderPermutation>
        <EntryPoint>main_VS_Diffuse_Env_T1</EntryPoint>
        <TargetFile>Resources\Shaders\M2VertexSingle_VS_Diffuse_Env_T1.dxc</TargetFile>
        <Definitions/>
      </ShaderPermutation>
      <ShaderPermutation>
        <EntryPoint>main_VS_Diffuse_Env_Env</EntryPoint>
        <TargetFile>Resources\Shaders\M2VertexSingle_VS_Diffuse_Env_Env.dxc</TargetFile>
        <Definitions/>
      </ShaderPermutation>
      <ShaderPermutation>
        <EntryPoint>main_VS_Diffuse_T1_T1</EntryPoint>
        <TargetFile>Resources\Shaders\M2VertexSingle_VS_Diffuse_T1_T2.dxc</TargetFile>
        <Definitions/>
      </ShaderPermutation>
      <ShaderPermutation>
        <EntryPoint>main_VS_Diffuse_T2</EntryPoint>
        <TargetFile>Resources\Shaders\M2VertexSingle_VS_Diffuse_T2.dxc</TargetFile>
        <Definitions/>
      </ShaderPermutation>
      <ShaderPermutation>
        <EntryPoint>main_VS_Diffuse_T1_T1_T1</EntryPoint>
        <TargetFile>Resources\Shaders\M2VertexSingle_VS_Diffuse_T1_T1_T1.dxc</TargetFile>
        <Definitions/>
      </ShaderPermutation>
      <ShaderPermutation>
        <EntryPoint>main_VS_Diffuse_T1_T2_T1</EntryPoint>
        <TargetFile>Resources\Shaders\M2VertexSingle_VS_Diffuse_T1_T2_T1.dxc</TargetFile>
        <Definitions/>
      </ShaderPermutation>
      <ShaderPermutation>
        <EntryPoint>main_VS_Diffuse_T1_T1_T1_T2</EntryPoint>
        <TargetFile>Resources\Shaders\M2VertexSingle_VS_Diffuse_T1_T1_T1_T2.dxc</TargetFile>
        <Definitions/>
      </ShaderPermutation>
    </Permutations>
  </ShaderDefinition>

  <ShaderDefinition>
    <SourceName>Resources\Shaders\M2VertexInstancedOld.hlsl</SourceName>
    <Profile>vs_4_0</Profile>
    <Permutations>
      <ShaderPermutation>
        <EntryPoint>main</EntryPoint>
        <TargetFile>Resources\Shaders\M2VertexInstancedOld.dxc</TargetFile>
        <Definitions/>
      </ShaderPermutation>
    </Permutations>
  </ShaderDefinition>

  <ShaderDefinition>
    <SourceName>Resources\Shaders\M2VertexSingleOld.hlsl</SourceName>
    <Profile>vs_4_0</Profile>
    <Permutations>
      <ShaderPermutation>
        <EntryPoint>main</EntryPoint>
        <TargetFile>Resources\Shaders\M2VertexSingleOld.dxc</TargetFile>
        <Definitions/>
      </ShaderPermutation>
    </Permutations>
  </ShaderDefinition>
  
  <ShaderDefinition>
    <SourceName>Resources\Shaders\M2VertexPortrait.hlsl</SourceName>
    <Profile>vs_4_0</Profile>
    <Permutations>
      <ShaderPermutation>
        <EntryPoint>main</EntryPoint>
        <TargetFile>Resources\Shaders\M2VertexPortrait.dxc</TargetFile>
        <Definitions/>
      </ShaderPermutation>
    </Permutations>
  </ShaderDefinition>

  <ShaderDefinition>
    <SourceName>Resources\Shaders\MapLowPixel.hlsl</SourceName>
    <Profile>ps_4_0</Profile>
    <Permutations>
      <ShaderPermutation>
        <EntryPoint>main</EntryPoint>
        <TargetFile>Resources\Shaders\MapLowPixel.dxc</TargetFile>
        <Definitions/>
      </ShaderPermutation>
    </Permutations>
  </ShaderDefinition>

  <ShaderDefinition>
    <SourceName>Resources\Shaders\MapLowVertex.hlsl</SourceName>
    <Profile>vs_4_0</Profile>
    <Permutations>
      <ShaderPermutation>
        <EntryPoint>main</EntryPoint>
        <TargetFile>Resources\Shaders\MapLowVertex.dxc</TargetFile>
        <Definitions/>
      </ShaderPermutation>
    </Permutations>
  </ShaderDefinition>

  <ShaderDefinition>
    <SourceName>Resources\Shaders\SkyPixel.hlsl</SourceName>
    <Profile>ps_4_0</Profile>
    <Permutations>
      <ShaderPermutation>
        <EntryPoint>main</EntryPoint>
        <TargetFile>Resources\Shaders\SkyPixel.dxc</TargetFile>
        <Definitions/>
      </ShaderPermutation>
    </Permutations>
  </ShaderDefinition>

  <ShaderDefinition>
    <SourceName>Resources\Shaders\SkyVertex.hlsl</SourceName>
    <Profile>vs_4_0</Profile>
    <Permutations>
      <ShaderPermutation>
        <EntryPoint>main</EntryPoint>
        <TargetFile>Resources\Shaders\SkyVertex.dxc</TargetFile>
        <Definitions/>
      </ShaderPermutation>
    </Permutations>
  </ShaderDefinition>

  <ShaderDefinition>
    <SourceName>Resources\Shaders\TerrainVertex.hlsl</SourceName>
    <Profile>vs_4_0</Profile>
    <Permutations>
      <ShaderPermutation>
        <EntryPoint>main</EntryPoint>
        <TargetFile>Resources\Shaders\TerrainVertex.dxc</TargetFile>
        <Definitions/>
      </ShaderPermutation>
    </Permutations>
  </ShaderDefinition>

  <ShaderDefinition>
    <SourceName>Resources\Shaders\TerrainPixel.hlsl</SourceName>
    <Profile>ps_4_0</Profile>
    <Permutations>
      <ShaderPermutation>
        <EntryPoint>main</EntryPoint>
        <TargetFile>Resources\Shaders\TerrainPixel.dxc</TargetFile>
        <Definitions/>
      </ShaderPermutation>
    </Permutations>
  </ShaderDefinition>

  <ShaderDefinition>
    <SourceName>Resources\Shaders\TerrainPixelNew.hlsl</SourceName>
    <Profile>ps_4_0</Profile>
    <Permutations>
      <ShaderPermutation>
        <EntryPoint>main</EntryPoint>
        <TargetFile>Resources\Shaders\TerrainPixelNew.dxc</TargetFile>
        <Definitions/>
      </ShaderPermutation>
    </Permutations>
  </ShaderDefinition>

  <ShaderDefinition>
    <SourceName>Resources\Shaders\TexturedQuadPixel.hlsl</SourceName>
    <Profile>ps_4_0</Profile>
    <Permutations>
      <ShaderPermutation>
        <EntryPoint>main</EntryPoint>
        <TargetFile>Resources\Shaders\TexturedQuadPixel.dxc</TargetFile>
        <Definitions/>
      </ShaderPermutation>
    </Permutations>
  </ShaderDefinition>

  <ShaderDefinition>
    <SourceName>Resources\Shaders\TexturedQuadVertex.hlsl</SourceName>
    <Profile>vs_4_0</Profile>
    <Permutations>
      <ShaderPermutation>
        <EntryPoint>main</EntryPoint>
        <TargetFile>Resources\Shaders\TexturedQuadVertex.dxc</TargetFile>
        <Definitions/>
      </ShaderPermutation>
    </Permutations>
  </ShaderDefinition>

  <ShaderDefinition>
    <SourceName>Resources\Shaders\WmoPixel.hlsl</SourceName>
    <Profile>ps_4_0</Profile>
    <Permutations>
      <ShaderPermutation>
        <EntryPoint>main</EntryPoint>
        <TargetFile>Resources\Shaders\WmoPixel.dxc</TargetFile>
        <Definitions/>
      </ShaderPermutation>
      <ShaderPermutation>
        <EntryPoint>main_blend</EntryPoint>
        <TargetFile>Resources\Shaders\WmoPixelBlend.dxc</TargetFile>
        <Definitions/>
      </ShaderPermutation>
      <ShaderPermutation>
        <EntryPoint>main_indoor</EntryPoint>
        <TargetFile>Resources\Shaders\WmoPixelIndoor.dxc</TargetFile>
        <Definitions/>
      </ShaderPermutation>
      <ShaderPermutation>
        <EntryPoint>main_blend_indoor</EntryPoint>
        <TargetFile>Resources\Shaders\WmoPixelBlendIndoor.dxc</TargetFile>
        <Definitions/>
      </ShaderPermutation>
    </Permutations>
  </ShaderDefinition>

  <ShaderDefinition>
    <SourceName>Resources\Shaders\WmoVertex.hlsl</SourceName>
    <Profile>vs_4_0</Profile>
    <Permutations>
      <ShaderPermutation>
        <EntryPoint>main</EntryPoint>
        <TargetFile>Resources\Shaders\WmoVertex.dxc</TargetFile>
        <Definitions/>
      </ShaderPermutation>
    </Permutations>
  </ShaderDefinition>

  <ShaderDefinition>
    <SourceName>Resources\Shaders\WorldTextVertex.hlsl</SourceName>
    <Profile>vs_4_0</Profile>
    <Permutations>
      <ShaderPermutation>
        <EntryPoint>main</EntryPoint>
        <TargetFile>Resources\Shaders\WorldTextVertex.dxc</TargetFile>
        <Definitions/>
      </ShaderPermutation>
      <ShaderPermutation>
        <EntryPoint>main_orthographic</EntryPoint>
        <TargetFile>Resources\Shaders\WorldTextVertexOrtho.dxc</TargetFile>
        <Definitions/>
      </ShaderPermutation>
    </Permutations>
  </ShaderDefinition>

  <ShaderDefinition>
    <SourceName>Resources\Shaders\WorldTextPixel.hlsl</SourceName>
    <Profile>ps_4_0</Profile>
    <Permutations>
      <ShaderPermutation>
        <EntryPoint>main</EntryPoint>
        <TargetFile>Resources\Shaders\WorldTextPixel.dxc</TargetFile>
        <Definitions/>
      </ShaderPermutation>
    </Permutations>
  </ShaderDefinition>

  <ShaderDefinition>
    <SourceName>Resources\Shaders\BoundingBoxVertex.hlsl</SourceName>
    <Profile>vs_4_0</Profile>
    <Permutations>
      <ShaderPermutation>
        <EntryPoint>main</EntryPoint>
        <TargetFile>Resources\Shaders\BoundingBoxVertex.dxc</TargetFile>
        <Definitions/>
      </ShaderPermutation>
    </Permutations>
  </ShaderDefinition>
    
  <ShaderDefinition>
    <SourceName>Resources\Shaders\BoundingBoxPixel.hlsl</SourceName>
    <Profile>ps_4_0</Profile>
    <Permutations>
      <ShaderPermutation>
        <EntryPoint>main</EntryPoint>
        <TargetFile>Resources\Shaders\BoundingBoxPixel.dxc</TargetFile>
        <Definitions/>
      </ShaderPermutation>
    </Permutations>
  </ShaderDefinition>
</ArrayOfShaderDefinition>